{
  "contract": "phase12_opened_development_guard_audit_v1",
  "role": "opened_development_only_not_promotable",
  "inference_run": false,
  "test_used": false,
  "candidate_lock": "D:\\NEO\\LPR\\parseq_official_pipeline\\reinforcement_learning\\phase_12_guarded_replicated_ppo\\prospective_policy.json",
  "guard": {
    "required_input_transform": "existing_plate_crop",
    "minimum_side_exclusive_upper_bound": 128,
    "fallback_action": "baseline",
    "label_free": true
  },
  "datasets": {
    "phase8": {
      "samples": 504,
      "guard_allowed_rate": 0.7242063492063492,
      "baseline_exact": 0.8214285714285714,
      "guarded_exact": 0.8333333333333334,
      "fixed": 7,
      "broken": 1,
      "statistics_vs_baseline": {
        "paired_bootstrap": {
          "delta_exact": 0.011904761904761904,
          "delta_exact_ci95": [
            0.001984126984126984,
            0.023809523809523808
          ],
          "delta_character": 0.003995811287477953,
          "delta_character_ci95": [
            0.0015983245149911814,
            0.006889329805996473
          ],
          "bootstrap_samples": 10000
        },
        "mcnemar": {
          "fixed": 7,
          "broken": 1,
          "discordant": 8,
          "p_value_exact": 0.0703125
        }
      }
    },
    "phase9": {
      "samples": 650,
      "guard_allowed_rate": 0.6661538461538462,
      "baseline_exact": 0.46153846153846156,
      "guarded_exact": 0.46923076923076923,
      "fixed": 6,
      "broken": 1,
      "statistics_vs_baseline": {
        "paired_bootstrap": {
          "delta_exact": 0.007692307692307693,
          "delta_exact_ci95": [
            0.0,
            0.016923076923076923
          ],
          "delta_character": 0.0005067155067155065,
          "delta_character_ci95": [
            -0.004627823565323566,
            0.00536362942612942
          ],
          "bootstrap_samples": 10000
        },
        "mcnemar": {
          "fixed": 6,
          "broken": 1,
          "discordant": 7,
          "p_value_exact": 0.125
        }
      }
    },
    "phase11": {
      "samples": 1500,
      "guard_allowed_rate": 0.6646666666666666,
      "baseline_exact": 0.472,
      "guarded_exact": 0.48,
      "fixed": 14,
      "broken": 2,
      "statistics_vs_baseline": {
        "paired_bootstrap": {
          "delta_exact": 0.008,
          "delta_exact_ci95": [
            0.0033333333333333335,
            0.013333333333333334
          ],
          "delta_character": 0.007011904761904762,
          "delta_character_ci95": [
            0.003903373015873015,
            0.010222288359788358
          ],
          "bootstrap_samples": 10000
        },
        "mcnemar": {
          "fixed": 14,
          "broken": 2,
          "discordant": 16,
          "p_value_exact": 0.004180908203125
        }
      }
    }
  },
  "combined": {
    "samples": 2654,
    "fixed": 27,
    "broken": 4,
    "statistics_vs_baseline": {
      "paired_bootstrap": {
        "delta_exact": 0.008666164280331574,
        "delta_exact_ci95": [
          0.00452147701582517,
          0.01281085154483798
        ],
        "delta_character": 0.00484593485723855,
        "delta_character_ci95": [
          0.002618782221504527,
          0.007127606129113288
        ],
        "bootstrap_samples": 10000
      },
      "mcnemar": {
        "fixed": 27,
        "broken": 4,
        "discordant": 31,
        "p_value_exact": 3.39532271027565e-05
      }
    },
    "formal_gate_if_it_were_confirmatory": {
      "passed": true,
      "checks": {
        "delta_exact_positive": true,
        "exact_ci_excludes_zero": true,
        "character_not_lower": true,
        "net_fixes_positive": true,
        "mcnemar_significant": true
      }
    }
  },
  "promotion_eligible": false
}
