stage,epoch,loss,first_margin,revise_margin,samples,exact_acc,char_acc,fixed,broken,net_fixes,mean_cost,stop_rate,revise_rate
bc_locked,0,0.0,0.05,0.0,397,0.889168765743073,0.9751914241960183,5,20,-15,0.007569269521410579,0.13602015113350127,0.0
ppo,1,0.018160270643420517,0.05,0.0,397,0.889168765743073,0.9751914241960183,5,20,-15,0.007569269521410579,0.13602015113350127,0.0
