samples,exact_acc,cer,char_acc,fixed_vs_raw,broken_vs_raw,net_fixes_vs_raw,mean_psnr,mean_ssim,mean_cost,method,exact_delta_vs_raw_points
822,0.7664233576642335,0.08114949374627754,0.9188505062537224,0,0,0,18.283796699087695,0.7231415826438224,0.0,raw,0.0
822,0.7652068126520681,0.07876712328767123,0.9212328767123288,13,14,-1,16.496263933297783,0.7748138370510796,0.004999999999999999,best_global,-0.12165450121653931
822,0.7664233576642335,0.07936271590232281,0.9206372840976772,5,5,0,18.021701722249496,0.7270488748417656,0.0011253041362530413,bandit,0.0
822,0.7700729927007299,0.0771292435973794,0.9228707564026206,10,7,3,17.829333884292566,0.7269633238970492,0.0017177615571776154,ppo2,0.36496350364964014
822,0.8077858880778589,0.05360333531864205,0.946396664681358,34,0,34,17.4091601197737,,0.007306569343065694,ocr_oracle,4.1362530413625365
