stage,epoch,loss,first_margin,revise_margin,samples,exact_acc,char_acc,fixed,broken,net_fixes,mean_cost,stop_rate,revise_rate
bc,1,3.251092553138733,,,,,,,,,,,
bc_locked,0,3.251092553138733,0.0,0.0,397.0,0.9319899244332494,0.9862174578866769,2.0,0.0,2.0,0.0014105793450881613,0.8110831234256927,0.0327455919395466
ppo,1,0.02664416143670678,0.0,0.0,397.0,0.9319899244332494,0.9862174578866769,2.0,0.0,2.0,0.0009017632241813603,0.871536523929471,0.027707808564231738
