{
  "algorithm": "candidate_set_ppo_with_oof_teacher_residual",
  "best_validation_checkpoint": {
    "stage": "ppo",
    "epoch": 45,
    "loss": 0.01077545454070248,
    "first_margin": 0.2,
    "revise_margin": 0.0,
    "disagreement_margin": 0.2,
    "samples": 527,
    "exact_acc": 0.8273244781783681,
    "char_acc": 0.9516129032258065,
    "fixed": 12,
    "broken": 4,
    "net_fixes": 8,
    "mean_cost": 0.007781783681214421,
    "stop_rate": 0.022770398481973434,
    "revise_rate": 0.08538899430740038
  },
  "validation_policy": {
    "samples": 527,
    "exact_acc": 0.8273244781783681,
    "char_acc": 0.9516129032258065,
    "fixed": 12,
    "broken": 4,
    "net_fixes": 8,
    "mean_cost": 0.007781783681214421,
    "stop_rate": 0.022770398481973434,
    "revise_rate": 0.08538899430740038
  },
  "validation_teacher": {
    "samples": 527,
    "exact_acc": 0.8159392789373814,
    "char_acc": 0.9502304147465438,
    "fixed": 4,
    "broken": 2,
    "net_fixes": 2,
    "mean_cost": 0.0016944971537001898,
    "stop_rate": 0.8026565464895635,
    "revise_rate": 0.0
  },
  "validation_delta_exact_vs_teacher": 0.011385199240986688,
  "holdout_policy": {
    "samples": 656,
    "exact_acc": 0.913109756097561,
    "char_acc": 0.977439471753485,
    "fixed": 7,
    "broken": 10,
    "net_fixes": -3,
    "mean_cost": 0.007749999999999999,
    "stop_rate": 0.039634146341463415,
    "revise_rate": 0.10365853658536585
  },
  "holdout_teacher": {
    "samples": 656,
    "exact_acc": 0.9024390243902439,
    "char_acc": 0.9767057960381511,
    "fixed": 5,
    "broken": 15,
    "net_fixes": -10,
    "mean_cost": 0.0017179878048780488,
    "stop_rate": 0.7911585365853658,
    "revise_rate": 0.0
  },
  "holdout_statistics_vs_teacher": {
    "paired_bootstrap": {
      "delta_exact": 0.010670731707317074,
      "delta_exact_ci95": [
        -0.001524390243902439,
        0.024390243902439025
      ],
      "delta_character": 0.0006139905149051496,
      "delta_character_ci95": [
        -0.002398570581687959,
        0.0035569105691056918
      ],
      "bootstrap_samples": 10000
    },
    "mcnemar": {
      "fixed": 13,
      "broken": 6,
      "discordant": 19,
      "p_value_exact": 0.1670684814453125
    }
  },
  "formal_improvement_gate": {
    "passed": false,
    "checks": {
      "delta_exact_positive": true,
      "exact_ci_excludes_zero": false,
      "character_not_lower": true,
      "net_fixes_positive": false,
      "mcnemar_significant": false
    }
  },
  "promotion_status": "experimental_not_promoted",
  "protocol": {
    "seed": 1001,
    "group_key": "normalized target/label",
    "development_samples": 2625,
    "holdout_samples": 656,
    "development_groups": 2107,
    "holdout_groups": 509,
    "group_overlap": 0,
    "oof_folds": 5,
    "validation_role": "checkpoint_and_margin_selection; previously audited validation",
    "holdout_role": "single locked run evaluation; excluded from teacher, BC, PPO and selection",
    "audited_test_loaded": false
  },
  "checkpoint": "D:\\NEO\\LPR\\parseq_official_pipeline\\reinforcement_learning\\phase_10_domain_adaptive_ppo\\results\\run_seed_1001\\best_candidate_oof_ppo.pt",
  "test_used": false
}