plate_type,source_name,samples,exact_acc,char_acc
blue,color_filtered,1,1.0,1.0
ngoaigiao,ngoaigiao,5,1.0,1.0
other,color_filtered,355,0.9323943661971831,0.9902815013404825
quandoi,quandoi,38,0.8947368421052632,0.9822222222222222
yellow,color_filtered,12,0.5833333333333334,0.9479166666666666
