split,samples,exact_acc,cer,char_acc,refine_iters
val_refine_0,397,0.9269521410579346,0.015007656967840736,0.9849923430321592,0
val_refine_1,397,0.9269521410579346,0.013782542113323124,0.9862174578866769,1
val_refine_2,397,0.9269521410579346,0.013476263399693721,0.9865237366003062,2
val_refine_3,397,0.9269521410579346,0.013476263399693721,0.9865237366003062,3
