{
  "num_samples": 367,
  "psnr": {
    "blurred": 20.3625626605614,
    "classical": 21.37163696754595,
    "rl": 22.652527506960055
  },
  "ssim": {
    "blurred": 0.7397494124939547,
    "classical": 0.7866378662298406,
    "rl": 0.8457192924903914
  },
  "exact_acc": {
    "blurred": 0.7629427792915532,
    "classical": 0.7574931880108992,
    "rl": 0.776566757493188,
    "clean": 0.9754768392370572
  },
  "cer": {
    "blurred": 0.09078759569222784,
    "classical": 0.0793423727347433,
    "rl": 0.05634920634920635,
    "clean": 0.0028080532848925215
  },
  "by_blur_kind": {
    "defocus": {
      "psnr_blurred": 18.443363493922888,
      "psnr_rl": 21.563458295290435,
      "exact_blurred": 0.5344827586206896,
      "exact_rl": 0.6982758620689655
    },
    "gaussian": {
      "psnr_blurred": 22.244666641087303,
      "psnr_rl": 25.00443589189727,
      "exact_blurred": 0.9596774193548387,
      "exact_rl": 0.8709677419354839
    },
    "motion": {
      "psnr_blurred": 20.277887146741364,
      "psnr_rl": 21.35091639531802,
      "exact_blurred": 0.7795275590551181,
      "exact_rl": 0.7559055118110236
    }
  }
}