{
  "algorithm": "candidate_set_ppo_with_oof_teacher_residual",
  "best_validation_checkpoint": {
    "stage": "ppo",
    "epoch": 45,
    "loss": 0.008187389081789169,
    "first_margin": 0.0,
    "revise_margin": 0.0,
    "disagreement_margin": 0.2,
    "samples": 397,
    "exact_acc": 0.9370277078085643,
    "char_acc": 0.9889739663093415,
    "fixed": 5,
    "broken": 1,
    "net_fixes": 4,
    "mean_cost": 0.00036775818639798487,
    "stop_rate": 0.9420654911838791,
    "revise_rate": 0.020151133501259445
  },
  "validation_policy": {
    "samples": 397,
    "exact_acc": 0.9370277078085643,
    "char_acc": 0.9889739663093415,
    "fixed": 5,
    "broken": 1,
    "net_fixes": 4,
    "mean_cost": 0.00036775818639798487,
    "stop_rate": 0.9420654911838791,
    "revise_rate": 0.020151133501259445
  },
  "validation_teacher": {
    "samples": 397,
    "exact_acc": 0.9269521410579346,
    "char_acc": 0.9862174578866769,
    "fixed": 1,
    "broken": 1,
    "net_fixes": 0,
    "mean_cost": 0.00010831234256926952,
    "stop_rate": 0.9874055415617129,
    "revise_rate": 0.0
  },
  "validation_delta_exact_vs_teacher": 0.010075566750629705,
  "holdout_policy": {
    "samples": 654,
    "exact_acc": 0.9541284403669725,
    "char_acc": 0.9902512185976753,
    "fixed": 7,
    "broken": 2,
    "net_fixes": 5,
    "mean_cost": 0.000363914373088685,
    "stop_rate": 0.9403669724770642,
    "revise_rate": 0.0061162079510703364
  },
  "holdout_teacher": {
    "samples": 654,
    "exact_acc": 0.9464831804281345,
    "char_acc": 0.9893138357705287,
    "fixed": 2,
    "broken": 2,
    "net_fixes": 0,
    "mean_cost": 0.0001330275229357798,
    "stop_rate": 0.9847094801223242,
    "revise_rate": 0.0
  },
  "holdout_statistics_vs_teacher": {
    "paired_bootstrap": {
      "delta_exact": 0.00764525993883792,
      "delta_exact_ci95": [
        0.0,
        0.01529051987767584
      ],
      "delta_character": 0.0008919469928644243,
      "delta_character_ci95": [
        -0.0005096839959225277,
        0.0025701877336051573
      ],
      "bootstrap_samples": 10000
    },
    "mcnemar": {
      "fixed": 6,
      "broken": 1,
      "discordant": 7,
      "p_value_exact": 0.125
    }
  },
  "formal_improvement_gate": {
    "passed": false,
    "checks": {
      "delta_exact_positive": true,
      "exact_ci_excludes_zero": false,
      "character_not_lower": true,
      "net_fixes_positive": true,
      "mcnemar_significant": false
    }
  },
  "promotion_status": "experimental_not_promoted",
  "protocol": {
    "seed": 727,
    "group_key": "normalized target/label",
    "development_samples": 2616,
    "holdout_samples": 654,
    "development_groups": 1805,
    "holdout_groups": 435,
    "group_overlap": 0,
    "oof_folds": 5,
    "validation_role": "checkpoint_and_margin_selection; previously audited validation",
    "holdout_role": "single locked run evaluation; excluded from teacher, BC, PPO and selection",
    "audited_test_loaded": false
  },
  "checkpoint": "D:\\NEO\\LPR\\parseq_official_pipeline\\reinforcement_learning\\phase_7_compact_multiscale_ppo\\results\\run_ocr_guard_seed_727\\best_candidate_oof_ppo.pt",
  "test_used": false
}