method_key,method,paradigm,val_exact,val_cer,val_fixed_vs_raw,val_broken_vs_raw,test_exact,test_cer,test_fixed_vs_raw,test_broken_vs_raw,val_delta_vs_unsharp_points,test_delta_vs_unsharp_points,val_psnr,test_psnr,val_ssim,test_ssim
raw_parseq,Raw blurred + fixed PARSeq,No RL,0.7547683923705722,0.09418642416368951,0,0,0.7220708446866485,0.11103874959296646,0,0,-0.544959128065392,-1.6348773841961872,20.146395319621696,20.573336690470576,0.7330785998567693,0.745533102381855
classical_unsharp,Classical unsharp + fixed PARSeq,No RL,0.7602179836512262,0.08281909710945112,8,6,0.7384196185286104,0.09768804949527841,12,6,0.0,0.0,21.03493228590959,21.541991386248625,0.7778523030567221,0.7933543134596204
train_baseline,Train preprocessing + fixed PARSeq,No RL,0.659400544959128,0.1269892822344917,9,44,0.6512261580381471,0.13285574731357863,14,40,-10.081743869209813,-8.719346049046328,,,,
pixelrl_a2c,PixelRL (A2C),A2C / PixelRL,0.7602179836512262,0.04839233517375771,22,20,0.7520435967302452,0.06056659068707262,32,21,0.0,1.3623978201634857,22.43158911120082,22.835172441250265,0.84357148641164,0.8502350818399276
contextual_bandit_phase4,Contextual Bandit (Phase 4),Contextual bandit,0.7193460490463215,0.10328028580708022,4,17,0.7411444141689373,0.10713122761315533,9,2,-4.087193460490468,0.27247956403269047,,,,
ppo_phase5,PPO Phase 5 (MLP),PPO / actor-critic,0.7220708446866485,0.1039298473530367,4,16,0.7465940054495913,0.10387495929664604,11,2,-3.8147138964577665,0.8174386920980936,,,,
candidate_ppo_phase6,Candidate-aware PPO (Phase 6),PPO / Transformer,0.7547683923705722,0.08476778174732055,2,2,0.7411444141689373,0.09801367632692934,8,1,-0.544959128065392,0.27247956403269047,,,,
compact_ppo_phase7,Compact PPO (Phase 7),PPO / Transformer,0.7438692098092643,0.08963949334199416,10,14,0.7084468664850136,0.10680560078150439,15,20,-1.6348773841961872,-2.997275204359673,,,,
