{
  "algorithm": "candidate_set_bc_initialized_ppo_with_oof_teacher",
  "best_validation_checkpoint": {
    "stage": "ppo",
    "epoch": 11,
    "loss": 0.00014768944967580937,
    "first_margin": 0.05,
    "revise_margin": 0.0,
    "samples": 397,
    "exact_acc": 0.9319899244332494,
    "char_acc": 0.9862174578866769,
    "fixed": 3,
    "broken": 1,
    "net_fixes": 2,
    "mean_cost": 0.00043324937027707807,
    "stop_rate": 0.818639798488665,
    "revise_rate": 0.015113350125944584
  },
  "validation_policy": {
    "samples": 397,
    "exact_acc": 0.9319899244332494,
    "char_acc": 0.9862174578866769,
    "fixed": 3,
    "broken": 1,
    "net_fixes": 2,
    "mean_cost": 0.00043324937027707807,
    "stop_rate": 0.818639798488665,
    "revise_rate": 0.015113350125944584
  },
  "validation_teacher": {
    "samples": 397,
    "exact_acc": 0.9370277078085643,
    "char_acc": 0.9886676875957121,
    "fixed": 6,
    "broken": 2,
    "net_fixes": 4,
    "mean_cost": 0.0035944584382871536,
    "stop_rate": 0.5743073047858942,
    "revise_rate": 0.0
  },
  "validation_delta_exact_vs_teacher": -0.005037783375314908,
  "holdout_policy": {
    "samples": 490,
    "exact_acc": 0.936734693877551,
    "char_acc": 0.9915254237288136,
    "fixed": 3,
    "broken": 4,
    "net_fixes": -1,
    "mean_cost": 0.0004918367346938775,
    "stop_rate": 0.8040816326530612,
    "revise_rate": 0.018367346938775512
  },
  "holdout_teacher": {
    "samples": 490,
    "exact_acc": 0.9387755102040817,
    "char_acc": 0.9915254237288136,
    "fixed": 7,
    "broken": 7,
    "net_fixes": 0,
    "mean_cost": 0.0038346938775510207,
    "stop_rate": 0.5183673469387755,
    "revise_rate": 0.0
  },
  "holdout_statistics_vs_teacher": {
    "paired_bootstrap": {
      "delta_exact": -0.0020408163265306124,
      "delta_exact_ci95": [
        -0.014285714285714285,
        0.01020408163265306
      ],
      "delta_character": 0.00014172335600907003,
      "delta_character_ci95": [
        -0.0014455782312925174,
        0.0017857142857142854
      ],
      "bootstrap_samples": 10000
    },
    "mcnemar": {
      "fixed": 4,
      "broken": 5,
      "discordant": 9,
      "p_value_exact": 1.0
    }
  },
  "formal_improvement_gate": {
    "passed": false,
    "checks": {
      "delta_exact_positive": false,
      "exact_ci_excludes_zero": false,
      "character_not_lower": true,
      "net_fixes_positive": false,
      "mcnemar_significant": false
    }
  },
  "protocol": {
    "seed": 123,
    "group_key": "normalized target/label",
    "development_samples": 2780,
    "holdout_samples": 490,
    "development_groups": 1893,
    "holdout_groups": 347,
    "group_overlap": 0,
    "oof_folds": 5,
    "validation_role": "checkpoint_and_margin_selection; previously audited validation",
    "holdout_role": "single locked Phase 6 evaluation; excluded from teacher, BC, PPO and selection",
    "audited_test_loaded": false
  },
  "checkpoint": "D:\\NEO\\LPR\\parseq_official_pipeline\\reinforcement_learning\\phase_6_candidate_oof_ppo\\results\\run_seed_123\\best_candidate_oof_ppo.pt",
  "test_used": false
}